{
  "posx": 10.0,
  "posy": 25.0,
  "posz": 0.0,
  "posw": 1.0,
  "difr": 1.0,
  "difg": 1.0,
  "difb": 1.0,
  "difa": 1.0,
  "spcr": 1.0,
  "spcg": 1.0,
  "spcb": 1.0,
  "spcp": 1.0,
  "atnc": 0.0,
  "atnl": 0.009999999776482582,
  "atnq": 0.009999999776482582,
  "atnd": 100000.0,
  "dirx": 0.0,
  "diry": -1.0,
  "dirz": 0.0,
  "dirw": 1.0,
  "type": 0.0,
  "iang": 15.0,
  "oang": 30.0,
  "ison": 1.0
}